resID,chain,probe_hbonds,zscore,percentile_score
129,A,1,-0.8,3
435,A,1,-0.8,3
477,A,1,-0.8,3
364,A,4,-0.79,6
49,A,5,-0.78,8
442,A,5,-0.78,8
124,A,6,-0.78,11
268,A,6,-0.78,11
209,A,8,-0.77,14
366,A,8,-0.77,14
277,A,9,-0.77,16
71,A,11,-0.76,18
440,A,14,-0.74,19
295,A,19,-0.72,21
172,A,21,-0.71,22
264,A,23,-0.7,24
270,A,26,-0.69,25
125,A,27,-0.68,27
206,A,27,-0.68,27
54,A,33,-0.66,29
168,A,44,-0.61,31
103,A,51,-0.58,32
286,A,53,-0.57,34
102,A,54,-0.56,35
267,A,57,-0.55,38
298,A,57,-0.55,38
199,A,60,-0.54,40
420,A,65,-0.51,41
474,A,66,-0.51,43
436,A,69,-0.5,44
214,A,87,-0.41,46
203,A,92,-0.39,47
210,A,96,-0.37,49
423,A,96,-0.37,49
282,A,105,-0.33,51
427,A,137,-0.19,53
301,A,138,-0.19,54
51,A,145,-0.15,56
169,A,146,-0.15,57
478,A,150,-0.13,59
433,A,166,-0.06,60
476,A,175,-0.02,62
302,A,177,-0.01,63
431,A,195,0.07,65
363,A,196,0.08,66
304,A,204,0.11,68
390,A,204,0.11,68
56,A,216,0.17,71
299,A,232,0.24,72
53,A,234,0.25,74
285,A,239,0.27,75
475,A,247,0.31,76
55,A,267,0.4,78
296,A,298,0.53,79
289,A,304,0.56,81
355,A,313,0.6,82
360,A,321,0.64,84
50,A,336,0.71,85
426,A,339,0.72,87
300,A,361,0.82,88
292,A,370,0.86,90
357,A,427,1.12,91
213,A,470,1.31,93
425,A,489,1.39,94
358,A,519,1.53,96
470,A,685,2.28,97
211,A,827,2.92,99
359,A,1348,5.26,100
