resID,chain,probe_contacts,zscore,percentile_score
435,A,1,-0.61,1
870,A,1,-0.61,1
77,A,2,-0.61,3
133,A,2,-0.61,3
288,A,2,-0.61,3
603,A,2,-0.61,3
887,A,2,-0.61,3
890,A,2,-0.61,3
883,A,3,-0.61,4
150,A,4,-0.61,5
607,A,4,-0.61,5
878,A,4,-0.61,5
101,A,5,-0.61,7
552,A,5,-0.61,7
803,A,5,-0.61,7
45,A,6,-0.61,8
950,A,6,-0.61,8
999,A,6,-0.61,8
153,A,7,-0.61,9
48,A,8,-0.61,9
92,A,9,-0.61,10
572,A,9,-0.61,10
820,A,9,-0.61,10
78,A,10,-0.61,12
817,A,10,-0.61,12
760,A,12,-0.61,12
879,A,14,-0.61,13
75,A,15,-0.61,13
848,A,15,-0.61,13
339,A,18,-0.61,14
379,A,22,-0.61,15
41,A,26,-0.61,15
132,A,28,-0.6,16
770,A,28,-0.6,16
601,A,29,-0.6,17
233,A,30,-0.6,17
857,A,30,-0.6,17
738,A,31,-0.6,18
287,A,32,-0.6,18
484,A,34,-0.6,19
91,A,36,-0.6,19
800,A,43,-0.6,20
108,A,46,-0.6,20
43,A,50,-0.6,21
571,A,51,-0.6,21
821,A,52,-0.6,22
377,A,59,-0.6,22
602,A,62,-0.6,23
90,A,66,-0.6,23
134,A,66,-0.6,23
797,A,70,-0.6,24
773,A,74,-0.6,25
852,A,78,-0.6,25
222,A,80,-0.6,25
343,A,84,-0.6,26
50,A,92,-0.59,26
383,A,104,-0.59,27
799,A,108,-0.59,27
163,A,112,-0.59,28
665,A,124,-0.59,28
310,A,131,-0.59,29
198,A,138,-0.59,29
483,A,138,-0.59,29
816,A,151,-0.58,30
613,A,152,-0.58,31
80,A,168,-0.58,31
796,A,175,-0.58,32
192,A,176,-0.58,32
370,A,177,-0.58,33
231,A,182,-0.58,33
639,A,191,-0.58,33
69,A,193,-0.58,34
58,A,194,-0.58,34
437,A,197,-0.58,35
606,A,200,-0.58,35
106,A,212,-0.57,36
309,A,234,-0.57,36
761,A,252,-0.57,37
42,A,279,-0.56,37
371,A,286,-0.56,38
135,A,290,-0.56,38
94,A,295,-0.56,39
794,A,307,-0.56,39
436,A,318,-0.56,40
737,A,320,-0.56,40
481,A,327,-0.56,41
860,A,367,-0.55,41
340,A,368,-0.55,42
44,A,390,-0.54,42
589,A,401,-0.54,42
127,A,420,-0.54,43
485,A,427,-0.54,43
72,A,441,-0.54,44
763,A,450,-0.54,44
131,A,453,-0.53,45
864,A,475,-0.53,45
223,A,484,-0.53,46
641,A,522,-0.52,46
372,A,531,-0.52,47
877,A,546,-0.52,47
865,A,607,-0.51,48
762,A,669,-0.5,48
882,A,690,-0.5,49
156,A,696,-0.49,49
164,A,711,-0.49,50
489,A,732,-0.49,50
125,A,753,-0.48,50
813,A,757,-0.48,51
105,A,787,-0.48,51
478,A,795,-0.48,52
126,A,824,-0.47,52
305,A,838,-0.47,53
151,A,849,-0.47,53
152,A,852,-0.47,54
819,A,998,-0.44,54
885,A,1077,-0.43,55
889,A,1199,-0.41,55
65,A,1206,-0.41,56
609,A,1258,-0.4,56
352,A,1410,-0.38,57
155,A,1435,-0.37,57
862,A,1483,-0.36,58
104,A,1493,-0.36,58
51,A,1591,-0.35,58
219,A,1599,-0.35,59
228,A,1757,-0.32,60
766,A,1757,-0.32,60
438,A,1812,-0.31,60
669,A,1815,-0.31,61
863,A,1841,-0.31,61
345,A,1868,-0.3,62
491,A,1875,-0.3,62
76,A,2015,-0.28,63
886,A,2071,-0.27,63
479,A,2129,-0.26,64
551,A,2451,-0.2,64
378,A,2512,-0.19,65
218,A,2548,-0.19,65
221,A,2694,-0.16,66
764,A,2955,-0.12,66
60,A,2975,-0.12,67
54,A,3057,-0.1,67
64,A,3126,-0.09,67
374,A,3276,-0.07,68
854,A,3446,-0.04,68
439,A,3639,-0.01,69
769,A,3673,-0.0,69
375,A,3841,0.03,70
859,A,4054,0.06,70
861,A,4404,0.12,71
285,A,4547,0.14,71
62,A,4617,0.15,72
342,A,4617,0.15,72
815,A,4837,0.19,73
197,A,4864,0.19,73
57,A,5008,0.22,74
161,A,5222,0.25,74
382,A,5339,0.27,75
234,A,5404,0.28,75
856,A,5783,0.35,75
306,A,5793,0.35,76
66,A,6309,0.43,76
667,A,6408,0.45,77
793,A,6513,0.47,77
381,A,6535,0.47,78
548,A,6631,0.49,78
59,A,7108,0.56,79
858,A,7242,0.59,79
230,A,7357,0.61,80
608,A,7398,0.61,80
486,A,7435,0.62,81
708,A,7487,0.63,81
63,A,7623,0.65,82
196,A,7779,0.68,82
612,A,7984,0.71,83
129,A,8010,0.71,83
765,A,8106,0.73,83
610,A,8119,0.73,84
574,A,8212,0.75,84
734,A,8351,0.77,85
229,A,8409,0.78,85
61,A,8423,0.78,86
341,A,8688,0.83,86
193,A,8833,0.85,87
281,A,8842,0.85,87
550,A,9191,0.91,88
224,A,9358,0.94,88
52,A,9424,0.95,89
194,A,9716,1.0,89
855,A,9734,1.0,90
217,A,10163,1.07,90
611,A,10672,1.15,91
853,A,11210,1.24,91
283,A,11520,1.29,92
160,A,11656,1.32,92
284,A,12723,1.49,92
792,A,13202,1.57,93
130,A,13389,1.6,93
67,A,13612,1.64,94
157,A,14188,1.73,94
68,A,14779,1.83,95
480,A,14942,1.86,95
573,A,15040,1.87,96
195,A,15739,1.99,96
282,A,16482,2.11,97
736,A,18303,2.41,97
225,A,19223,2.57,98
549,A,23426,3.26,98
735,A,25494,3.6,99
488,A,27857,3.99,99
487,A,29762,4.31,100
128,A,44737,6.78,100
