resID,chain,probe_contacts,zscore
91,A,1,-0.69
97,B,1,-0.69
129,B,1,-0.69
136,H,1,-0.69
61,A,2,-0.69
141,H,2,-0.69
1,A,3,-0.69
136,B,3,-0.69
140,B,4,-0.69
6,G,4,-0.69
3,A,5,-0.69
140,H,5,-0.69
65,A,6,-0.69
83,A,6,-0.69
112,H,6,-0.69
143,H,6,-0.69
40,G,7,-0.69
138,A,8,-0.69
122,G,8,-0.69
66,A,9,-0.69
136,A,9,-0.69
109,H,9,-0.69
139,A,12,-0.69
67,B,15,-0.69
134,B,21,-0.69
112,B,22,-0.69
88,A,24,-0.69
92,A,24,-0.69
91,G,25,-0.69
132,H,28,-0.69
96,H,29,-0.69
5,A,30,-0.69
63,B,30,-0.69
9,A,34,-0.69
34,A,39,-0.68
128,B,42,-0.68
33,G,43,-0.68
125,A,45,-0.68
58,A,47,-0.68
62,A,58,-0.68
37,G,82,-0.68
143,B,83,-0.68
54,H,84,-0.68
48,H,92,-0.67
2,B,93,-0.67
35,G,99,-0.67
125,G,105,-0.67
92,B,106,-0.67
58,G,108,-0.67
28,H,110,-0.67
131,A,113,-0.67
48,B,113,-0.67
28,B,121,-0.67
89,A,126,-0.67
51,H,127,-0.67
124,A,140,-0.67
123,G,146,-0.66
6,A,168,-0.66
134,H,171,-0.66
32,H,179,-0.66
38,G,181,-0.66
29,A,213,-0.65
34,B,216,-0.65
105,A,220,-0.65
92,G,248,-0.64
54,B,262,-0.64
29,G,277,-0.64
138,G,282,-0.64
39,H,284,-0.64
131,H,312,-0.63
49,B,331,-0.63
83,G,345,-0.62
39,B,404,-0.61
65,G,405,-0.61
132,A,442,-0.61
49,H,477,-0.6
136,G,500,-0.59
50,H,524,-0.59
36,B,545,-0.59
92,H,564,-0.58
97,H,593,-0.58
120,A,610,-0.57
106,A,616,-0.57
131,B,622,-0.57
132,B,655,-0.56
32,B,730,-0.55
106,G,750,-0.54
87,A,774,-0.54
145,B,826,-0.53
105,G,868,-0.52
42,B,894,-0.52
127,A,905,-0.51
123,A,925,-0.51
51,B,927,-0.51
66,G,940,-0.51
93,H,964,-0.5
50,B,1010,-0.49
94,A,1065,-0.48
144,H,1112,-0.47
146,B,1131,-0.47
108,B,1171,-0.46
106,B,1220,-0.45
36,H,1279,-0.44
41,B,1321,-0.43
62,G,1417,-0.41
135,H,1576,-0.38
87,G,1616,-0.37
142,H,1665,-0.36
94,H,1694,-0.36
103,B,1711,-0.36
98,B,1805,-0.34
38,B,1842,-0.33
33,H,1842,-0.33
108,H,1990,-0.3
43,G,2155,-0.27
129,A,2177,-0.26
138,H,2221,-0.25
137,G,2224,-0.25
31,B,2269,-0.25
106,H,2467,-0.21
43,A,2536,-0.19
132,G,2594,-0.18
105,H,2645,-0.17
134,G,2665,-0.17
99,B,2701,-0.16
94,G,3005,-0.1
42,H,3068,-0.09
103,A,3249,-0.05
36,G,3257,-0.05
103,H,3268,-0.05
139,H,3394,-0.02
135,B,3401,-0.02
39,A,3537,0.0
33,B,3607,0.02
100,G,3634,0.02
102,A,3823,0.06
146,H,4014,0.1
31,H,4035,0.1
41,H,4089,0.11
100,A,4102,0.12
102,B,4160,0.13
103,G,4210,0.14
98,H,4347,0.16
42,A,4441,0.18
37,B,4514,0.2
127,G,4749,0.24
105,B,4787,0.25
93,A,5045,0.3
38,H,5103,0.31
101,A,5129,0.32
130,G,5147,0.32
34,H,5205,0.33
129,G,5295,0.35
137,A,5463,0.38
142,B,5559,0.4
133,G,5610,0.41
35,B,5626,0.42
96,G,5834,0.46
138,B,5835,0.46
102,H,5871,0.46
37,A,5927,0.48
95,G,6552,0.6
32,A,6858,0.66
96,A,7169,0.72
101,G,7230,0.73
126,A,7484,0.78
145,H,7675,0.82
39,G,7677,0.82
42,G,7846,0.85
139,B,7882,0.86
141,A,7912,0.87
102,G,8422,0.97
93,G,8528,0.99
38,A,8562,1.0
104,H,8893,1.06
130,A,8936,1.07
37,H,9045,1.09
35,A,9334,1.15
97,A,10996,1.47
100,B,11105,1.5
32,G,11146,1.5
35,H,11258,1.53
99,H,12008,1.67
97,G,12407,1.75
104,B,12990,1.87
101,H,13053,1.88
98,A,14059,2.08
134,A,17592,2.77
101,B,17964,2.85
140,A,18131,2.88
36,A,18320,2.92
126,G,18347,2.92
133,A,18420,2.94
98,G,18885,3.03
100,H,19111,3.07
95,A,19190,3.09
99,G,19230,3.1
99,A,28426,4.91
