resID,chain,probe_hbonds,zscore
124,A,1,-0.72
127,A,1,-0.72
145,B,1,-0.72
138,G,1,-0.72
138,B,2,-0.71
122,G,2,-0.71
130,G,2,-0.71
138,H,2,-0.71
9,A,3,-0.71
102,A,3,-0.71
128,B,3,-0.71
38,G,3,-0.71
34,B,4,-0.7
131,H,5,-0.7
39,A,6,-0.69
103,G,9,-0.67
131,B,10,-0.67
132,B,12,-0.66
92,G,13,-0.65
38,H,13,-0.65
97,H,13,-0.65
146,B,14,-0.64
135,H,16,-0.63
103,A,24,-0.59
39,G,28,-0.56
39,B,33,-0.53
108,B,38,-0.5
96,A,39,-0.5
102,B,39,-0.5
97,A,40,-0.49
37,B,42,-0.48
32,A,43,-0.48
100,B,45,-0.46
96,G,45,-0.46
130,A,46,-0.46
139,H,48,-0.45
32,G,60,-0.38
102,H,62,-0.37
140,A,63,-0.36
139,B,65,-0.35
94,A,70,-0.32
100,H,74,-0.3
133,G,76,-0.28
142,H,85,-0.23
99,B,97,-0.16
95,A,99,-0.15
102,G,102,-0.13
95,G,115,-0.06
133,A,117,-0.05
97,G,120,-0.03
108,H,122,-0.02
142,B,124,-0.01
141,A,125,0.0
104,B,157,0.19
104,H,171,0.27
135,B,183,0.34
35,A,188,0.37
94,G,191,0.38
35,B,198,0.42
34,H,198,0.42
101,B,204,0.46
137,G,236,0.64
35,H,237,0.65
146,H,278,0.89
126,A,311,1.08
101,H,378,1.47
134,A,380,1.48
137,A,410,1.65
126,G,414,1.68
38,A,553,2.48
99,G,701,3.34
99,A,713,3.41
99,H,797,3.9
