chr	gene_hgcn	Amino_acid	AA_position	gen_start	gen_end	gDNA_codon	cDNA_codon
19	CYP2S1	M	1	41699170	41699172	ATG	ATG
19	CYP2S1	E	2	41699173	41699175	GAG	GAG
19	CYP2S1	A	3	41699176	41699178	GCG	GCG
19	CYP2S1	T	4	41699179	41699181	ACC	ACC
19	CYP2S1	G	5	41699182	41699184	GGC	GGC
19	CYP2S1	T	6	41699185	41699187	ACC	ACC
19	CYP2S1	W	7	41699188	41699190	TGG	TGG
19	CYP2S1	A	8	41699191	41699193	GCG	GCG
19	CYP2S1	L	9	41699194	41699196	CTG	CTG
19	CYP2S1	L	10	41699197	41699199	CTG	CTG
19	CYP2S1	L	11	41699200	41699202	CTG	CTG
19	CYP2S1	A	12	41699203	41699205	GCG	GCG
19	CYP2S1	L	13	41699206	41699208	CTG	CTG
19	CYP2S1	A	14	41699209	41699211	GCG	GCG
19	CYP2S1	L	15	41699212	41699214	CTG	CTG
19	CYP2S1	L	16	41699215	41699217	CTC	CTC
19	CYP2S1	L	17	41699218	41699220	CTG	CTG
19	CYP2S1	L	18	41699221	41699223	CTG	CTG
19	CYP2S1	L	19	41699224	41699226	CTG	CTG
19	CYP2S1	T	20	41699227	41699229	ACG	ACG
19	CYP2S1	L	21	41699230	41699232	CTG	CTG
19	CYP2S1	A	22	41699233	41699235	GCG	GCG
19	CYP2S1	L	23	41699236	41699238	CTG	CTG
19	CYP2S1	S	24	41699239	41699241	TCC	TCC
19	CYP2S1	G	25	41699242	41699244	GGG	GGG
19	CYP2S1	T	26	41699245	41699247	ACC	ACC
19	CYP2S1	R	27	41699248	41699250	AGG	AGG
19	CYP2S1	A	28	41699251	41699253	GCC	GCC
19	CYP2S1	R	29	41699254	41699256	CGA	CGA
19	CYP2S1	G	30	41699257	41699259	GGC	GGC
19	CYP2S1	H	31	41699260	41699262	CAC	CAC
19	CYP2S1	L	32	41699263	41699265	CTG	CTG
19	CYP2S1	P	33	41699266	41699268	CCC	CCC
19	CYP2S1	P	34	41699269	41699271	CCC	CCC
19	CYP2S1	G	35	41699272	41699274	GGG	GGG
19	CYP2S1	P	36	41699275	41699277	CCC	CCC
19	CYP2S1	T	37	41699278	41699280	ACG	ACG
19	CYP2S1	P	38	41699281	41699283	CCG	CCG
19	CYP2S1	L	39	41699284	41699286	CTA	CTA
19	CYP2S1	P	40	41699287	41699289	CCA	CCA
19	CYP2S1	L	41	41699290	41699292	CTG	CTG
19	CYP2S1	L	42	41699293	41699295	CTG	CTG
19	CYP2S1	G	43	41699296	41699298	GGA	GGA
19	CYP2S1	N	44	41699299	41699301	AAC	AAC
19	CYP2S1	L	45	41699302	41699304	CTC	CTC
19	CYP2S1	L	46	41699305	41699307	CTG	CTG
19	CYP2S1	Q	47	41699308	41699310	CAG	CAG
19	CYP2S1	L	48	41699311	41699313	CTA	CTA
19	CYP2S1	R	49	41699314	41699316	CGG	CGG
19	CYP2S1	P	50	41699317	41699319	CCC	CCC
19	CYP2S1	G	51	41699320	41699322	GGG	GGG
19	CYP2S1	A	52	41699323	41699325	GCG	GCG
19	CYP2S1	L	53	41699326	41699328	CTG	CTG
19	CYP2S1	Y	54	41699329	41699331	TAT	TAT
19	CYP2S1	S	55	41699332	41699334	TCA	TCA
19	CYP2S1	G	56	41699335	41699337	GGG	GGG
19	CYP2S1	L	57	41699338	41699340	CTC	CTC
19	CYP2S1	M	58	41699341	41699343	ATG	ATG
19	CYP2S1	R	59	41699344	41699346	CGG	CGG
19	CYP2S1	L	60	41700449	41700451	CTG	CTG
19	CYP2S1	S	61	41700452	41700454	AGT	AGT
19	CYP2S1	K	62	41700455	41700457	AAG	AAG
19	CYP2S1	K	63	41700458	41700460	AAG	AAG
19	CYP2S1	Y	64	41700461	41700463	TAC	TAC
19	CYP2S1	G	65	41700464	41700466	GGA	GGA
19	CYP2S1	P	66	41700467	41700469	CCG	CCG
19	CYP2S1	V	67	41700470	41700472	GTG	GTG
19	CYP2S1	F	68	41700473	41700475	TTC	TTC
19	CYP2S1	T	69	41700476	41700478	ACC	ACC
19	CYP2S1	I	70	41700479	41700481	ATC	ATC
19	CYP2S1	Y	71	41700482	41700484	TAC	TAC
19	CYP2S1	L	72	41700485	41700487	CTG	CTG
19	CYP2S1	G	73	41700488	41700490	GGA	GGA
19	CYP2S1	P	74	41700491	41700493	CCG	CCG
19	CYP2S1	W	75	41700494	41700496	TGG	TGG
19	CYP2S1	R	76	41700497	41700499	CGG	CGG
19	CYP2S1	P	77	41700500	41700502	CCT	CCT
19	CYP2S1	V	78	41700503	41700505	GTG	GTG
19	CYP2S1	V	79	41700506	41700508	GTG	GTG
19	CYP2S1	V	80	41700509	41700511	GTC	GTC
19	CYP2S1	L	81	41700512	41700514	CTG	CTG
19	CYP2S1	V	82	41700515	41700517	GTT	GTT
19	CYP2S1	G	83	41700518	41700520	GGG	GGG
19	CYP2S1	Q	84	41700521	41700523	CAG	CAG
19	CYP2S1	E	85	41700524	41700526	GAG	GAG
19	CYP2S1	A	86	41700527	41700529	GCT	GCT
19	CYP2S1	V	87	41700530	41700532	GTG	GTG
19	CYP2S1	R	88	41700533	41700535	CGG	CGG
19	CYP2S1	E	89	41700536	41700538	GAG	GAG
19	CYP2S1	A	90	41700539	41700541	GCC	GCC
19	CYP2S1	L	91	41700542	41700544	CTG	CTG
19	CYP2S1	G	92	41700545	41700547	GGA	GGA
19	CYP2S1	G	93	41700548	41700550	GGT	GGT
19	CYP2S1	Q	94	41700551	41700553	CAG	CAG
19	CYP2S1	A	95	41700554	41700556	GCT	GCT
19	CYP2S1	E	96	41700557	41700559	GAG	GAG
19	CYP2S1	E	97	41700560	41700562	GAG	GAG
19	CYP2S1	F	98	41700563	41700565	TTC	TTC
19	CYP2S1	S	99	41700566	41700568	AGC	AGC
19	CYP2S1	G	100	41700569	41700571	GGC	GGC
19	CYP2S1	R	101	41700572	41700574	CGG	CGG
19	CYP2S1	G	102	41700575	41700577	GGA	GGA
19	CYP2S1	T	103	41700578	41700580	ACC	ACC
19	CYP2S1	V	104	41700581	41700583	GTA	GTA
19	CYP2S1	A	105	41700584	41700586	GCG	GCG
19	CYP2S1	M	106	41700587	41700589	ATG	ATG
19	CYP2S1	L	107	41700590	41700592	CTG	CTG
19	CYP2S1	E	108	41700593	41700595	GAA	GAA
19	CYP2S1	G	109	41700596	41700598	GGG	GGG
19	CYP2S1	T	110	41700599	41700601	ACT	ACT
19	CYP2S1	F	111	41700602	41700604	TTT	TTT
19	CYP2S1	D	112	41700605	41700607	GAT	GAT
19	CYP2S1	G	113	41700608	41700610	GGC	GGC
19	CYP2S1	H	114	41700611	41700613	CAT	CAT
19	CYP2S1	G	115	41700614	41700616	GGG	GGG
19	CYP2S1	V	116	41703686	41703688	GTT	GTT
19	CYP2S1	F	117	41703689	41703691	TTC	TTC
19	CYP2S1	F	118	41703692	41703694	TTC	TTC
19	CYP2S1	S	119	41703695	41703697	TCC	TCC
19	CYP2S1	N	120	41703698	41703700	AAC	AAC
19	CYP2S1	G	121	41703701	41703703	GGG	GGG
19	CYP2S1	E	122	41703704	41703706	GAG	GAG
19	CYP2S1	R	123	41703707	41703709	CGG	CGG
19	CYP2S1	W	124	41703710	41703712	TGG	TGG
19	CYP2S1	R	125	41703713	41703715	AGG	AGG
19	CYP2S1	Q	126	41703716	41703718	CAG	CAG
19	CYP2S1	L	127	41703719	41703721	CTG	CTG
19	CYP2S1	R	128	41703722	41703724	AGG	AGG
19	CYP2S1	K	129	41703725	41703727	AAG	AAG
19	CYP2S1	F	130	41703728	41703730	TTT	TTT
19	CYP2S1	T	131	41703731	41703733	ACC	ACC
19	CYP2S1	M	132	41703734	41703736	ATG	ATG
19	CYP2S1	L	133	41703737	41703739	CTT	CTT
19	CYP2S1	A	134	41703740	41703742	GCT	GCT
19	CYP2S1	L	135	41703743	41703745	CTG	CTG
19	CYP2S1	R	136	41703746	41703748	CGG	CGG
19	CYP2S1	D	137	41703749	41703751	GAC	GAC
19	CYP2S1	L	138	41703752	41703754	CTG	CTG
19	CYP2S1	G	139	41703755	41703757	GGC	GGC
19	CYP2S1	M	140	41703758	41703760	ATG	ATG
19	CYP2S1	G	141	41703761	41703763	GGG	GGG
19	CYP2S1	K	142	41703764	41703766	AAG	AAG
19	CYP2S1	R	143	41703767	41703769	CGA	CGA
19	CYP2S1	E	144	41703770	41703772	GAA	GAA
19	CYP2S1	G	145	41703773	41703775	GGC	GGC
19	CYP2S1	E	146	41703776	41703778	GAG	GAG
19	CYP2S1	E	147	41703779	41703781	GAG	GAG
19	CYP2S1	L	148	41703782	41703784	CTG	CTG
19	CYP2S1	I	149	41703785	41703787	ATC	ATC
19	CYP2S1	Q	150	41703788	41703790	CAG	CAG
19	CYP2S1	A	151	41703791	41703793	GCG	GCG
19	CYP2S1	E	152	41703794	41703796	GAG	GAG
19	CYP2S1	A	153	41703797	41703799	GCC	GCC
19	CYP2S1	R	154	41703800	41703802	CGG	CGG
19	CYP2S1	C	155	41703803	41703805	TGT	TGT
19	CYP2S1	L	156	41703806	41703808	CTG	CTG
19	CYP2S1	V	157	41703809	41703811	GTG	GTG
19	CYP2S1	E	158	41703812	41703814	GAG	GAG
19	CYP2S1	T	159	41703815	41703817	ACA	ACA
19	CYP2S1	F	160	41703818	41703820	TTC	TTC
19	CYP2S1	Q	161	41703821	41703823	CAG	CAG
19	CYP2S1	G	162	41703824	41703826	GGG	GGG
19	CYP2S1	T	163	41703827	41703829	ACA	ACA
19	CYP2S1	E	164	41703830	41703832	GAA	GAA
19	CYP2S1	G	165	41703833	41703835	GGA	GGA
19	CYP2S1	R	166	41704369	41704371	CGC	CGC
19	CYP2S1	P	167	41704372	41704374	CCA	CCA
19	CYP2S1	F	168	41704375	41704377	TTC	TTC
19	CYP2S1	D	169	41704378	41704380	GAT	GAT
19	CYP2S1	P	170	41704381	41704383	CCC	CCC
19	CYP2S1	S	171	41704384	41704386	TCC	TCC
19	CYP2S1	L	172	41704387	41704389	CTG	CTG
19	CYP2S1	L	173	41704390	41704392	CTG	CTG
19	CYP2S1	L	174	41704393	41704395	CTG	CTG
19	CYP2S1	A	175	41704396	41704398	GCC	GCC
19	CYP2S1	Q	176	41704399	41704401	CAG	CAG
19	CYP2S1	A	177	41704402	41704404	GCC	GCC
19	CYP2S1	T	178	41704405	41704407	ACC	ACC
19	CYP2S1	S	179	41704408	41704410	TCC	TCC
19	CYP2S1	N	180	41704411	41704413	AAC	AAC
19	CYP2S1	V	181	41704414	41704416	GTA	GTA
19	CYP2S1	V	182	41704417	41704419	GTC	GTC
19	CYP2S1	C	183	41704420	41704422	TGC	TGC
19	CYP2S1	S	184	41704423	41704425	TCC	TCC
19	CYP2S1	L	185	41704426	41704428	CTC	CTC
19	CYP2S1	L	186	41704429	41704431	CTC	CTC
19	CYP2S1	F	187	41704432	41704434	TTT	TTT
19	CYP2S1	G	188	41704435	41704437	GGC	GGC
19	CYP2S1	L	189	41704438	41704440	CTC	CTC
19	CYP2S1	R	190	41704441	41704443	CGC	CGC
19	CYP2S1	F	191	41704444	41704446	TTC	TTC
19	CYP2S1	S	192	41704447	41704449	TCC	TCC
19	CYP2S1	Y	193	41704450	41704452	TAT	TAT
19	CYP2S1	E	194	41704453	41704455	GAG	GAG
19	CYP2S1	D	195	41704456	41704458	GAT	GAT
19	CYP2S1	K	196	41704459	41704461	AAG	AAG
19	CYP2S1	E	197	41704462	41704464	GAG	GAG
19	CYP2S1	F	198	41704465	41704467	TTC	TTC
19	CYP2S1	Q	199	41704468	41704470	CAG	CAG
19	CYP2S1	A	200	41704471	41704473	GCC	GCC
19	CYP2S1	V	201	41704474	41704476	GTG	GTG
19	CYP2S1	V	202	41704477	41704479	GTC	GTC
19	CYP2S1	R	203	41704480	41704482	CGG	CGG
19	CYP2S1	A	204	41704483	41704485	GCA	GCA
19	CYP2S1	A	205	41704486	41704488	GCT	GCT
19	CYP2S1	G	206	41704489	41704491	GGT	GGT
19	CYP2S1	G	207	41704492	41704494	GGT	GGT
19	CYP2S1	T	208	41704495	41704497	ACC	ACC
19	CYP2S1	L	209	41704498	41704500	CTG	CTG
19	CYP2S1	L	210	41704501	41704503	CTG	CTG
19	CYP2S1	G	211	41704504	41704506	GGA	GGA
19	CYP2S1	V	212	41704507	41704509	GTC	GTC
19	CYP2S1	S	213	41704510	41704512	AGC	AGC
19	CYP2S1	S	214	41704513	41704515	TCC	TCC
19	CYP2S1	Q	215	41704516	41704518	CAG	CAG
19	CYP2S1	G	216	41704519	41704521	GGG	GGG
19	CYP2S1	G	217	41704522	41704524	GGT	GGT
19	CYP2S1	Q	218	41704525	41704527	CAG	CAG
19	CYP2S1	T	219	41704614	41704616	ACC	ACC
19	CYP2S1	Y	220	41704617	41704619	TAC	TAC
19	CYP2S1	E	221	41704620	41704622	GAG	GAG
19	CYP2S1	M	222	41704623	41704625	ATG	ATG
19	CYP2S1	F	223	41704626	41704628	TTC	TTC
19	CYP2S1	S	224	41704629	41704631	TCC	TCC
19	CYP2S1	W	225	41704632	41704634	TGG	TGG
19	CYP2S1	F	226	41704635	41704637	TTC	TTC
19	CYP2S1	L	227	41704638	41704640	CTG	CTG
19	CYP2S1	R	228	41704641	41704643	CGG	CGG
19	CYP2S1	P	229	41704644	41704646	CCC	CCC
19	CYP2S1	L	230	41704647	41704649	CTG	CTG
19	CYP2S1	P	231	41704650	41704652	CCA	CCA
19	CYP2S1	G	232	41704653	41704655	GGC	GGC
19	CYP2S1	P	233	41704656	41704658	CCC	CCC
19	CYP2S1	H	234	41704659	41704661	CAC	CAC
19	CYP2S1	K	235	41704662	41704664	AAG	AAG
19	CYP2S1	Q	236	41704665	41704667	CAG	CAG
19	CYP2S1	L	237	41704668	41704670	CTC	CTC
19	CYP2S1	L	238	41704671	41704673	CTC	CTC
19	CYP2S1	H	239	41704674	41704676	CAC	CAC
19	CYP2S1	H	240	41704677	41704679	CAC	CAC
19	CYP2S1	V	241	41704680	41704682	GTC	GTC
19	CYP2S1	S	242	41704683	41704685	AGC	AGC
19	CYP2S1	T	243	41704686	41704688	ACC	ACC
19	CYP2S1	L	244	41704689	41704691	TTG	TTG
19	CYP2S1	A	245	41704692	41704694	GCT	GCT
19	CYP2S1	A	246	41704695	41704697	GCC	GCC
19	CYP2S1	F	247	41704698	41704700	TTC	TTC
19	CYP2S1	T	248	41704701	41704703	ACA	ACA
19	CYP2S1	V	249	41704704	41704706	GTC	GTC
19	CYP2S1	R	250	41704707	41704709	CGG	CGG
19	CYP2S1	Q	251	41704710	41704712	CAG	CAG
19	CYP2S1	V	252	41704713	41704715	GTG	GTG
19	CYP2S1	Q	253	41704716	41704718	CAG	CAG
19	CYP2S1	Q	254	41704719	41704721	CAG	CAG
19	CYP2S1	H	255	41704722	41704724	CAC	CAC
19	CYP2S1	Q	256	41704725	41704727	CAG	CAG
19	CYP2S1	G	257	41704728	41704730	GGG	GGG
19	CYP2S1	N	258	41704731	41704733	AAC	AAC
19	CYP2S1	L	259	41704734	41704736	CTG	CTG
19	CYP2S1	D	260	41704737	41704739	GAT	GAT
19	CYP2S1	A	261	41704740	41704742	GCT	GCT
19	CYP2S1	S	262	41704743	41704745	TCG	TCG
19	CYP2S1	G	263	41704746	41704748	GGC	GGC
19	CYP2S1	P	264	41704749	41704751	CCC	CCC
19	CYP2S1	A	265	41704752	41704754	GCA	GCA
19	CYP2S1	R	266	41704755	41704757	CGT	CGT
19	CYP2S1	D	267	41704758	41704760	GAC	GAC
19	CYP2S1	L	268	41704761	41704763	CTT	CTT
19	CYP2S1	V	269	41704764	41704766	GTC	GTC
19	CYP2S1	D	270	41704767	41704769	GAT	GAT
19	CYP2S1	A	271	41704770	41704772	GCC	GCC
19	CYP2S1	F	272	41704773	41704775	TTC	TTC
19	CYP2S1	L	273	41704776	41704778	CTG	CTG
19	CYP2S1	L	274	41704779	41704781	CTG	CTG
19	CYP2S1	K	275	41704782	41704784	AAG	AAG
19	CYP2S1	M	276	41704785	41704787	ATG	ATG
19	CYP2S1	A	277	41704788	41704790	GCA	GCA
19	CYP2S1	Q	278	41704791	41704793	CAG	CAG
19	CYP2S1	E	279	41707136	41707138	GAG	GAG
19	CYP2S1	E	280	41707139	41707141	GAA	GAA
19	CYP2S1	Q	281	41707142	41707144	CAA	CAA
19	CYP2S1	N	282	41707145	41707147	AAC	AAC
19	CYP2S1	P	283	41707148	41707150	CCA	CCA
19	CYP2S1	G	284	41707151	41707153	GGC	GGC
19	CYP2S1	T	285	41707154	41707156	ACA	ACA
19	CYP2S1	E	286	41707157	41707159	GAA	GAA
19	CYP2S1	F	287	41707160	41707162	TTC	TTC
19	CYP2S1	T	288	41707163	41707165	ACC	ACC
19	CYP2S1	N	289	41707166	41707168	AAC	AAC
19	CYP2S1	K	290	41707169	41707171	AAG	AAG
19	CYP2S1	N	291	41707172	41707174	AAC	AAC
19	CYP2S1	M	292	41707175	41707177	ATG	ATG
19	CYP2S1	L	293	41707178	41707180	CTG	CTG
19	CYP2S1	M	294	41707181	41707183	ATG	ATG
19	CYP2S1	T	295	41707184	41707186	ACA	ACA
19	CYP2S1	V	296	41707187	41707189	GTC	GTC
19	CYP2S1	I	297	41707190	41707192	ATT	ATT
19	CYP2S1	Y	298	41707193	41707195	TAT	TAT
19	CYP2S1	L	299	41707196	41707198	TTG	TTG
19	CYP2S1	L	300	41707199	41707201	CTG	CTG
19	CYP2S1	F	301	41707202	41707204	TTT	TTT
19	CYP2S1	A	302	41707205	41707207	GCT	GCT
19	CYP2S1	G	303	41707208	41707210	GGG	GGG
19	CYP2S1	T	304	41707211	41707213	ACG	ACG
19	CYP2S1	M	305	41707214	41707216	ATG	ATG
19	CYP2S1	T	306	41707217	41707219	ACG	ACG
19	CYP2S1	V	307	41707220	41707222	GTC	GTC
19	CYP2S1	S	308	41707223	41707225	AGC	AGC
19	CYP2S1	T	309	41707226	41707228	ACC	ACC
19	CYP2S1	T	310	41707229	41707231	ACG	ACG
19	CYP2S1	V	311	41707232	41707234	GTC	GTC
19	CYP2S1	G	312	41707235	41707237	GGC	GGC
19	CYP2S1	Y	313	41707238	41707240	TAT	TAT
19	CYP2S1	T	314	41707241	41707243	ACC	ACC
19	CYP2S1	L	315	41707244	41707246	CTC	CTC
19	CYP2S1	L	316	41707247	41707249	CTG	CTG
19	CYP2S1	L	317	41707250	41707252	CTC	CTC
19	CYP2S1	L	318	41707253	41707255	CTG	CTG
19	CYP2S1	M	319	41707256	41707258	ATG	ATG
19	CYP2S1	K	320	41707259	41707261	AAA	AAA
19	CYP2S1	Y	321	41707262	41707264	TAC	TAC
19	CYP2S1	P	322	41707265	41707267	CCT	CCT
19	CYP2S1	H	323	41707268	41707270	CAT	CAT
19	CYP2S1	V	324	41707271	41707273	GTC	GTC
19	CYP2S1	Q	325	41707274	41707276	CAA	CAA
19	CYP2S1	K	326	41707277	41707279	AAG	AAG
19	CYP2S1	W	327	41709357	41709359	TGG	TGG
19	CYP2S1	V	328	41709360	41709362	GTA	GTA
19	CYP2S1	R	329	41709363	41709365	CGT	CGT
19	CYP2S1	E	330	41709366	41709368	GAG	GAG
19	CYP2S1	E	331	41709369	41709371	GAG	GAG
19	CYP2S1	L	332	41709372	41709374	CTG	CTG
19	CYP2S1	N	333	41709375	41709377	AAT	AAT
19	CYP2S1	R	334	41709378	41709380	CGG	CGG
19	CYP2S1	E	335	41709381	41709383	GAG	GAG
19	CYP2S1	L	336	41709384	41709386	CTG	CTG
19	CYP2S1	G	337	41709387	41709389	GGG	GGG
19	CYP2S1	A	338	41709390	41709392	GCT	GCT
19	CYP2S1	G	339	41709393	41709395	GGC	GGC
19	CYP2S1	Q	340	41709396	41709398	CAG	CAG
19	CYP2S1	A	341	41709399	41709401	GCA	GCA
19	CYP2S1	P	342	41709402	41709404	CCA	CCA
19	CYP2S1	S	343	41709405	41709407	AGC	AGC
19	CYP2S1	L	344	41709408	41709410	CTA	CTA
19	CYP2S1	G	345	41709411	41709413	GGG	GGG
19	CYP2S1	D	346	41709414	41709416	GAC	GAC
19	CYP2S1	R	347	41709417	41709419	CGT	CGT
19	CYP2S1	T	348	41709420	41709422	ACC	ACC
19	CYP2S1	R	349	41709423	41709425	CGC	CGC
19	CYP2S1	L	350	41709426	41709428	CTC	CTC
19	CYP2S1	P	351	41709429	41709431	CCT	CCT
19	CYP2S1	Y	352	41709432	41709434	TAC	TAC
19	CYP2S1	T	353	41709435	41709437	ACC	ACC
19	CYP2S1	D	354	41709438	41709440	GAC	GAC
19	CYP2S1	A	355	41709441	41709443	GCG	GCG
19	CYP2S1	V	356	41709444	41709446	GTT	GTT
19	CYP2S1	L	357	41709447	41709449	CTG	CTG
19	CYP2S1	H	358	41709450	41709452	CAT	CAT
19	CYP2S1	E	359	41709453	41709455	GAG	GAG
19	CYP2S1	A	360	41709456	41709458	GCG	GCG
19	CYP2S1	Q	361	41709459	41709461	CAG	CAG
19	CYP2S1	R	362	41709462	41709464	CGG	CGG
19	CYP2S1	L	363	41709465	41709467	CTG	CTG
19	CYP2S1	L	364	41709468	41709470	CTG	CTG
19	CYP2S1	A	365	41709471	41709473	GCG	GCG
19	CYP2S1	L	366	41709474	41709476	CTG	CTG
19	CYP2S1	V	367	41709477	41709479	GTG	GTG
19	CYP2S1	P	368	41709480	41709482	CCC	CCC
19	CYP2S1	M	369	41709483	41709485	ATG	ATG
19	CYP2S1	G	370	41709486	41709488	GGA	GGA
19	CYP2S1	I	371	41709489	41709491	ATA	ATA
19	CYP2S1	P	372	41709492	41709494	CCC	CCC
19	CYP2S1	R	373	41709495	41709497	CGC	CGC
19	CYP2S1	T	374	41709498	41709500	ACC	ACC
19	CYP2S1	L	375	41709501	41709503	CTC	CTC
19	CYP2S1	M	376	41709504	41709506	ATG	ATG
19	CYP2S1	R	377	41709507	41709509	CGG	CGG
19	CYP2S1	T	378	41709510	41709512	ACC	ACC
19	CYP2S1	T	379	41709513	41709515	ACC	ACC
19	CYP2S1	R	380	41709516	41709518	CGC	CGC
19	CYP2S1	F	381	41709519	41709521	TTC	TTC
19	CYP2S1	R	382	41709522	41709524	CGA	CGA
19	CYP2S1	G	383	41709525	41709527	GGG	GGG
19	CYP2S1	Y	384	41709528	41709530	TAC	TAC
19	CYP2S1	T	385	41709531	41709533	ACC	ACC
19	CYP2S1	L	386	41709534	41709536	CTG	CTG
19	CYP2S1	P	387	41709537	41709539	CCC	CCC
19	CYP2S1	Q	388	41709540	41709542	CAG	CAG
19	CYP2S1	G	389	41711863	41711865	GGC	GGC
19	CYP2S1	T	390	41711866	41711868	ACG	ACG
19	CYP2S1	E	391	41711869	41711871	GAG	GAG
19	CYP2S1	V	392	41711872	41711874	GTC	GTC
19	CYP2S1	F	393	41711875	41711877	TTC	TTC
19	CYP2S1	P	394	41711878	41711880	CCC	CCC
19	CYP2S1	L	395	41711881	41711883	CTC	CTC
19	CYP2S1	L	396	41711884	41711886	CTT	CTT
19	CYP2S1	G	397	41711887	41711889	GGC	GGC
19	CYP2S1	S	398	41711890	41711892	TCC	TCC
19	CYP2S1	I	399	41711893	41711895	ATC	ATC
19	CYP2S1	L	400	41711896	41711898	CTG	CTG
19	CYP2S1	H	401	41711899	41711901	CAT	CAT
19	CYP2S1	D	402	41711902	41711904	GAC	GAC
19	CYP2S1	P	403	41711905	41711907	CCC	CCC
19	CYP2S1	N	404	41711908	41711910	AAC	AAC
19	CYP2S1	I	405	41711911	41711913	ATC	ATC
19	CYP2S1	F	406	41711914	41711916	TTC	TTC
19	CYP2S1	K	407	41711917	41711919	AAG	AAG
19	CYP2S1	H	408	41711920	41711922	CAC	CAC
19	CYP2S1	P	409	41711923	41711925	CCA	CCA
19	CYP2S1	E	410	41711926	41711928	GAA	GAA
19	CYP2S1	E	411	41711929	41711931	GAG	GAG
19	CYP2S1	F	412	41711932	41711934	TTC	TTC
19	CYP2S1	N	413	41711935	41711937	AAC	AAC
19	CYP2S1	P	414	41711938	41711940	CCA	CCA
19	CYP2S1	D	415	41711941	41711943	GAC	GAC
19	CYP2S1	R	416	41711944	41711946	CGT	CGT
19	CYP2S1	F	417	41711947	41711949	TTC	TTC
19	CYP2S1	L	418	41711950	41711952	CTG	CTG
19	CYP2S1	D	419	41711953	41711955	GAT	GAT
19	CYP2S1	A	420	41711956	41711958	GCA	GCA
19	CYP2S1	D	421	41711959	41711961	GAT	GAT
19	CYP2S1	G	422	41711962	41711964	GGA	GGA
19	CYP2S1	R	423	41711965	41711967	CGG	CGG
19	CYP2S1	F	424	41711968	41711970	TTC	TTC
19	CYP2S1	R	425	41711971	41711973	AGG	AGG
19	CYP2S1	K	426	41711974	41711976	AAG	AAG
19	CYP2S1	H	427	41711977	41711979	CAT	CAT
19	CYP2S1	E	428	41711980	41711982	GAG	GAG
19	CYP2S1	A	429	41711983	41711985	GCG	GCG
19	CYP2S1	F	430	41711986	41711988	TTC	TTC
19	CYP2S1	L	431	41711989	41711991	CTG	CTG
19	CYP2S1	P	432	41711992	41711994	CCC	CCC
19	CYP2S1	F	433	41711995	41711997	TTC	TTC
19	CYP2S1	S	434	41711998	41712000	TCC	TCC
19	CYP2S1	L	435	41712001	41712003	TTA	TTA
19	CYP2S1	G	436	41712004	41712006	GGG	GGG
19	CYP2S1	K	437	41712187	41712189	AAG	AAG
19	CYP2S1	R	438	41712190	41712192	CGT	CGT
19	CYP2S1	V	439	41712193	41712195	GTC	GTC
19	CYP2S1	C	440	41712196	41712198	TGC	TGC
19	CYP2S1	L	441	41712199	41712201	CTT	CTT
19	CYP2S1	G	442	41712202	41712204	GGA	GGA
19	CYP2S1	E	443	41712205	41712207	GAG	GAG
19	CYP2S1	G	444	41712208	41712210	GGC	GGC
19	CYP2S1	L	445	41712211	41712213	CTG	CTG
19	CYP2S1	A	446	41712214	41712216	GCA	GCA
19	CYP2S1	K	447	41712217	41712219	AAA	AAA
19	CYP2S1	A	448	41712220	41712222	GCG	GCG
19	CYP2S1	E	449	41712223	41712225	GAG	GAG
19	CYP2S1	L	450	41712226	41712228	CTC	CTC
19	CYP2S1	F	451	41712229	41712231	TTC	TTC
19	CYP2S1	L	452	41712232	41712234	CTC	CTC
19	CYP2S1	F	453	41712235	41712237	TTC	TTC
19	CYP2S1	F	454	41712238	41712240	TTC	TTC
19	CYP2S1	T	455	41712241	41712243	ACC	ACC
19	CYP2S1	T	456	41712244	41712246	ACC	ACC
19	CYP2S1	I	457	41712247	41712249	ATC	ATC
19	CYP2S1	L	458	41712250	41712252	CTA	CTA
19	CYP2S1	Q	459	41712253	41712255	CAA	CAA
19	CYP2S1	A	460	41712256	41712258	GCC	GCC
19	CYP2S1	F	461	41712259	41712261	TTC	TTC
19	CYP2S1	S	462	41712262	41712264	TCC	TCC
19	CYP2S1	L	463	41712265	41712267	CTG	CTG
19	CYP2S1	E	464	41712268	41712270	GAG	GAG
19	CYP2S1	S	465	41712271	41712273	AGC	AGC
19	CYP2S1	P	466	41712274	41712276	CCG	CCG
19	CYP2S1	C	467	41712277	41712279	TGC	TGC
19	CYP2S1	P	468	41712280	41712282	CCG	CCG
19	CYP2S1	P	469	41712283	41712285	CCG	CCG
19	CYP2S1	D	470	41712286	41712288	GAC	GAC
19	CYP2S1	T	471	41712289	41712291	ACC	ACC
19	CYP2S1	L	472	41712292	41712294	CTG	CTG
19	CYP2S1	S	473	41712295	41712297	AGC	AGC
19	CYP2S1	L	474	41712298	41712300	CTC	CTC
19	CYP2S1	K	475	41712301	41712303	AAG	AAG
19	CYP2S1	P	476	41712304	41712306	CCC	CCC
19	CYP2S1	T	477	41712307	41712309	ACC	ACC
19	CYP2S1	V	478	41712310	41712312	GTC	GTC
19	CYP2S1	S	479	41712313	41712315	AGT	AGT
19	CYP2S1	G	480	41712316	41712318	GGC	GGC
19	CYP2S1	L	481	41712319	41712321	CTT	CTT
19	CYP2S1	F	482	41712322	41712324	TTC	TTC
19	CYP2S1	N	483	41712325	41712327	AAC	AAC
19	CYP2S1	I	484	41712328	41712330	ATT	ATT
19	CYP2S1	P	485	41712331	41712333	CCC	CCC
19	CYP2S1	P	486	41712334	41712336	CCA	CCA
19	CYP2S1	A	487	41712337	41712339	GCC	GCC
19	CYP2S1	F	488	41712340	41712342	TTC	TTC
19	CYP2S1	Q	489	41712343	41712345	CAG	CAG
19	CYP2S1	L	490	41712346	41712348	CTG	CTG
19	CYP2S1	Q	491	41712349	41712351	CAA	CAA
19	CYP2S1	V	492	41712352	41712354	GTC	GTC
19	CYP2S1	R	493	41712355	41712357	CGT	CGT
19	CYP2S1	P	494	41712358	41712360	CCC	CCC
19	CYP2S1	T	495	41712361	41712363	ACT	ACT
19	CYP2S1	D	496	41712364	41712366	GAC	GAC
19	CYP2S1	L	497	41712367	41712369	CTT	CTT
19	CYP2S1	H	498	41712370	41712372	CAC	CAC
19	CYP2S1	S	499	41712373	41712375	TCC	TCC
19	CYP2S1	T	500	41712376	41712378	ACC	ACC
19	CYP2S1	T	501	41712379	41712381	ACG	ACG
19	CYP2S1	Q	502	41712382	41712384	CAG	CAG
19	CYP2S1	T	503	41712385	41712387	ACC	ACC
19	CYP2S1	R	504	41712388	41712390	AGA	AGA
19	CYP2S1	5	505	41712391	41712393	TGA	TGA
